api,obsCode,station_alias,obsvtrNm,lot,lat,obsrvnDt,crdir,crsp,wndrct,wspd,wtem,slnty
twRecent,TW_0095,고래불해수욕장(영덕),고래불해수욕장,129.45408,36.58,2026-08-22 16:35,319.5,6.8,156.0,2.1,27.34,30.42
twRecent,TW_0095,고래불해수욕장(영덕),고래불해수욕장,129.45408,36.58,2026-08-22 16:30,318.9,7.7,157.0,2.7,27.32,30.42
twRecent,TW_0095,고래불해수욕장(영덕),고래불해수욕장,129.45408,36.58,2026-08-22 16:25,322.0,7.4,159.0,2.8,27.27,30.48
twRecent,TW_0095,고래불해수욕장(영덕),고래불해수욕장,129.45408,36.58,2026-08-22 16:20,333.6,7.6,160.0,2.6,27.26,30.46
twRecent,TW_0095,고래불해수욕장(영덕),고래불해수욕장,129.45408,36.58,2026-08-22 16:15,344.7,9.0,157.0,2.8,27.24,30.47
twRecent,TW_0095,고래불해수욕장(영덕),고래불해수욕장,129.45408,36.58,2026-08-22 16:10,352.0,8.4,156.0,2.7,27.22,30.47
twRecent,TW_0095,고래불해수욕장(영덕),고래불해수욕장,129.45408,36.58,2026-08-22 16:05,348.1,9.0,152.0,2.2,27.21,30.44
twRecent,TW_0095,고래불해수욕장(영덕),고래불해수욕장,129.45408,36.58,2026-08-22 16:00,346.4,9.6,153.0,2.6,27.21,30.42
twRecent,TW_0095,고래불해수욕장(영덕),고래불해수욕장,129.45408,36.58,2026-08-22 15:55,339.1,11.6,152.0,2.7,27.24,30.43
twRecent,TW_0095,고래불해수욕장(영덕),고래불해수욕장,129.45408,36.58,2026-08-22 15:50,335.1,11.3,154.0,3.2,27.22,30.42
twRecent,TW_0095,고래불해수욕장(영덕),고래불해수욕장,129.45408,36.58,2026-08-22 15:45,336.5,10.8,155.0,3.5,27.17,30.38
twRecent,TW_0095,고래불해수욕장(영덕),고래불해수욕장,129.45408,36.58,2026-08-22 15:40,343.2,12.2,156.0,3.7,27.14,30.34
twRecent,TW_0095,고래불해수욕장(영덕),고래불해수욕장,129.45408,36.58,2026-08-22 15:35,349.2,11.8,156.0,3.7,27.13,30.33
twRecent,TW_0095,고래불해수욕장(영덕),고래불해수욕장,129.45408,36.58,2026-08-22 15:30,342.3,13.5,150.0,4.0,27.09,30.34
twRecent,TW_0095,고래불해수욕장(영덕),고래불해수욕장,129.45408,36.58,2026-08-22 15:25,334.2,11.8,150.0,4.4,27.07,30.29
twRecent,TW_0095,고래불해수욕장(영덕),고래불해수욕장,129.45408,36.58,2026-08-22 15:20,341.9,12.2,152.0,4.7,27.06,30.28
twRecent,TW_0095,고래불해수욕장(영덕),고래불해수욕장,129.45408,36.58,2026-08-22 15:15,346.5,10.9,152.0,4.6,27.06,30.28
twRecent,TW_0095,고래불해수욕장(영덕),고래불해수욕장,129.45408,36.58,2026-08-22 15:10,344.0,11.9,153.0,4.2,27.05,30.28
twRecent,TW_0095,고래불해수욕장(영덕),고래불해수욕장,129.45408,36.58,2026-08-22 15:05,344.2,11.7,157.0,3.8,27.04,30.29
twRecent,TW_0095,고래불해수욕장(영덕),고래불해수욕장,129.45408,36.58,2026-08-22 15:00,338.2,12.6,155.0,3.6,27.03,30.28
twRecent,KG_0101,울릉도북동,울릉도북동,131.55258,38.00736,2026-08-22 16:00,189.0,11.8,107.0,3.5,27.05,33.37
twRecent,KG_0101,울릉도북동,울릉도북동,131.55258,38.00736,2026-08-22 15:30,190.0,11.4,96.0,3.5,27.02,33.4
twRecent,KG_0101,울릉도북동,울릉도북동,131.55258,38.00736,2026-08-22 15:00,168.0,7.4,67.0,3.4,27.02,33.41
twRecent,KG_0101,울릉도북동,울릉도북동,131.55258,38.00736,2026-08-22 14:30,159.0,1.7,55.0,2.8,27.01,33.41
twRecent,KG_0101,울릉도북동,울릉도북동,131.55258,38.00736,2026-08-22 14:00,338.0,3.3,30.0,1.1,27.0,33.41
twRecent,KG_0101,울릉도북동,울릉도북동,131.55258,38.00736,2026-08-22 13:30,3.0,3.6,346.0,2.2,26.98,33.41
twRecent,KG_0101,울릉도북동,울릉도북동,131.55258,38.00736,2026-08-22 13:00,324.0,5.8,132.0,1.1,26.96,33.39
twRecent,KG_0101,울릉도북동,울릉도북동,131.55258,38.00736,2026-08-22 12:30,266.0,8.5,166.0,2.3,26.97,33.39
twRecent,KG_0101,울릉도북동,울릉도북동,131.55258,38.00736,2026-08-22 12:00,263.0,13.7,171.0,1.8,26.93,33.39
twRecent,KG_0101,울릉도북동,울릉도북동,131.55258,38.00736,2026-08-22 11:30,288.0,14.5,149.0,2.9,26.92,33.4
twRecent,KG_0101,울릉도북동,울릉도북동,131.55258,38.00736,2026-08-22 11:00,289.0,18.9,146.0,3.4,26.9,33.4
twRecent,KG_0101,울릉도북동,울릉도북동,131.55258,38.00736,2026-08-22 10:30,302.0,30.3,144.0,3.1,26.88,33.41
twRecent,KG_0101,울릉도북동,울릉도북동,131.55258,38.00736,2026-08-22 10:00,300.0,32.8,145.0,2.8,26.84,33.39
twRecent,KG_0101,울릉도북동,울릉도북동,131.55258,38.00736,2026-08-22 09:30,308.0,27.6,135.0,2.5,26.7,33.37
twRecent,KG_0101,울릉도북동,울릉도북동,131.55258,38.00736,2026-08-22 09:00,293.0,35.4,120.0,2.9,26.74,33.37
twRecent,KG_0101,울릉도북동,울릉도북동,131.55258,38.00736,2026-08-22 08:30,265.0,37.1,118.0,3.9,26.67,33.36
twRecent,KG_0101,울릉도북동,울릉도북동,131.55258,38.00736,2026-08-22 08:00,270.0,35.1,131.0,2.9,26.68,33.35
twRecent,KG_0101,울릉도북동,울릉도북동,131.55258,38.00736,2026-08-22 07:30,264.0,40.2,139.0,2.8,26.73,33.36
twRecent,KG_0101,울릉도북동,울릉도북동,131.55258,38.00736,2026-08-22 07:00,255.0,45.8,116.0,2.6,26.8,33.34
twRecent,KG_0101,울릉도북동,울릉도북동,131.55258,38.00736,2026-08-22 06:30,257.0,38.4,157.0,3.1,26.8,33.35
twRecent,KG_0102,울릉도북서,울릉도북서,130.60119,37.74272,2026-08-22 16:00,331.0,96.0,111.0,5.2,,
twRecent,KG_0102,울릉도북서,울릉도북서,130.60119,37.74272,2026-08-22 15:30,334.0,94.6,119.0,4.1,,
twRecent,KG_0102,울릉도북서,울릉도북서,130.60119,37.74272,2026-08-22 15:00,335.0,94.0,120.0,3.7,,
twRecent,KG_0102,울릉도북서,울릉도북서,130.60119,37.74272,2026-08-22 14:30,342.0,94.2,113.0,3.3,,
twRecent,KG_0102,울릉도북서,울릉도북서,130.60119,37.74272,2026-08-22 14:00,341.0,90.7,79.0,2.6,,
twRecent,KG_0102,울릉도북서,울릉도북서,130.60119,37.74272,2026-08-22 13:30,344.0,90.8,69.0,1.8,,
twRecent,KG_0102,울릉도북서,울릉도북서,130.60119,37.74272,2026-08-22 13:00,342.0,91.3,52.0,2.1,,
twRecent,KG_0102,울릉도북서,울릉도북서,130.60119,37.74272,2026-08-22 12:30,343.0,82.7,87.0,2.2,,
twRecent,KG_0102,울릉도북서,울릉도북서,130.60119,37.74272,2026-08-22 12:00,341.0,86.5,95.0,2.5,,
twRecent,KG_0102,울릉도북서,울릉도북서,130.60119,37.74272,2026-08-22 11:30,332.0,79.3,156.0,2.2,,
twRecent,KG_0102,울릉도북서,울릉도북서,130.60119,37.74272,2026-08-22 11:00,336.0,83.9,143.0,3.4,,
twRecent,KG_0102,울릉도북서,울릉도북서,130.60119,37.74272,2026-08-22 10:30,334.0,81.6,134.0,4.8,,
twRecent,KG_0102,울릉도북서,울릉도북서,130.60119,37.74272,2026-08-22 10:00,330.0,71.7,141.0,4.6,,
twRecent,KG_0102,울릉도북서,울릉도북서,130.60119,37.74272,2026-08-22 09:30,325.0,79.1,201.0,6.3,,
twRecent,KG_0102,울릉도북서,울릉도북서,130.60119,37.74272,2026-08-22 09:00,329.0,79.7,144.0,7.1,,
twRecent,KG_0102,울릉도북서,울릉도북서,130.60119,37.74272,2026-08-22 08:30,320.0,80.0,157.0,4.9,,
twRecent,KG_0102,울릉도북서,울릉도북서,130.60119,37.74272,2026-08-22 08:00,321.0,78.2,187.0,3.2,,
twRecent,KG_0102,울릉도북서,울릉도북서,130.60119,37.74272,2026-08-22 07:30,320.0,79.4,177.0,4.4,,
twRecent,KG_0102,울릉도북서,울릉도북서,130.60119,37.74272,2026-08-22 07:00,317.0,72.6,160.0,5.1,,
twRecent,KG_0102,울릉도북서,울릉도북서,130.60119,37.74272,2026-08-22 06:30,318.0,69.5,132.0,4.6,,
hfCurrent,HF_0071,포항항,포항항,129.44425,36.01926,2026-08-19 14:00,55.8,5.57,,,,
hfCurrent,HF_0071,포항항,포항항,129.45201,36.01926,2026-08-19 14:00,32.0,5.49,,,,
hfCurrent,HF_0071,포항항,포항항,129.45978,36.01926,2026-08-19 14:00,17.5,4.37,,,,
hfCurrent,HF_0071,포항항,포항항,129.46755,36.01926,2026-08-19 14:00,350.1,1.09,,,,
hfCurrent,HF_0071,포항항,포항항,129.44425,36.02557,2026-08-19 14:00,60.1,6.41,,,,
hfCurrent,HF_0071,포항항,포항항,129.45201,36.02557,2026-08-19 14:00,43.1,6.45,,,,
hfCurrent,HF_0071,포항항,포항항,129.45978,36.02557,2026-08-19 14:00,34.6,4.58,,,,
hfCurrent,HF_0071,포항항,포항항,129.46755,36.02557,2026-08-19 14:00,19.3,1.22,,,,
hfCurrent,HF_0071,포항항,포항항,129.47531,36.02557,2026-08-19 14:00,267.4,0.71,,,,
hfCurrent,HF_0071,포항항,포항항,129.43648,36.03187,2026-08-19 14:00,79.2,6.69,,,,
hfCurrent,HF_0071,포항항,포항항,129.44424,36.03187,2026-08-19 14:00,63.0,6.89,,,,
hfCurrent,HF_0071,포항항,포항항,129.45201,36.03188,2026-08-19 14:00,56.6,6.83,,,,
hfCurrent,HF_0071,포항항,포항항,129.45978,36.03188,2026-08-19 14:00,48.8,6.43,,,,
hfCurrent,HF_0071,포항항,포항항,129.46755,36.03188,2026-08-19 14:00,71.6,3.83,,,,
hfCurrent,HF_0071,포항항,포항항,129.47531,36.03188,2026-08-19 14:00,110.2,3.86,,,,
hfCurrent,HF_0071,포항항,포항항,129.48308,36.03188,2026-08-19 14:00,125.8,5.04,,,,
hfCurrent,HF_0071,포항항,포항항,129.49085,36.03187,2026-08-19 14:00,131.9,5.68,,,,
hfCurrent,HF_0071,포항항,포항항,129.43648,36.03818,2026-08-19 14:00,81.9,7.2,,,,
hfCurrent,HF_0071,포항항,포항항,129.44424,36.03818,2026-08-19 14:00,70.3,7.73,,,,
hfCurrent,HF_0071,포항항,포항항,129.45201,36.03818,2026-08-19 14:00,57.9,10.26,,,,
hfCurrent,HF_0071,포항항,포항항,129.45978,36.03819,2026-08-19 14:00,63.9,7.66,,,,
hfCurrent,HF_0071,포항항,포항항,129.46755,36.03819,2026-08-19 14:00,78.4,7.25,,,,
hfCurrent,HF_0071,포항항,포항항,129.47531,36.03819,2026-08-19 14:00,94.6,7.87,,,,
hfCurrent,HF_0071,포항항,포항항,129.48308,36.03818,2026-08-19 14:00,108.7,6.72,,,,
hfCurrent,HF_0071,포항항,포항항,129.49085,36.03818,2026-08-19 14:00,117.9,5.4,,,,
hfCurrent,HF_0071,포항항,포항항,129.49861,36.03818,2026-08-19 14:00,105.8,4.7,,,,
hfCurrent,HF_0071,포항항,포항항,129.4287,36.04449,2026-08-19 14:00,56.9,14.71,,,,
hfCurrent,HF_0071,포항항,포항항,129.43647,36.04449,2026-08-19 14:00,67.2,9.7,,,,
hfCurrent,HF_0071,포항항,포항항,129.44424,36.04449,2026-08-19 14:00,73.9,8.8,,,,
hfCurrent,HF_0071,포항항,포항항,129.45201,36.04449,2026-08-19 14:00,78.7,8.54,,,,
hfCurrent,HF_0071,포항항,포항항,129.45978,36.04449,2026-08-19 14:00,73.0,9.57,,,,
hfCurrent,HF_0071,포항항,포항항,129.46755,36.04449,2026-08-19 14:00,79.3,10.28,,,,
hfCurrent,HF_0071,포항항,포항항,129.47531,36.04449,2026-08-19 14:00,83.0,10.63,,,,
hfCurrent,HF_0071,포항항,포항항,129.48308,36.04449,2026-08-19 14:00,84.5,8.83,,,,
hfCurrent,HF_0071,포항항,포항항,129.49085,36.04449,2026-08-19 14:00,85.9,6.57,,,,
hfCurrent,HF_0071,포항항,포항항,129.49862,36.04449,2026-08-19 14:00,84.6,5.63,,,,
hfCurrent,HF_0071,포항항,포항항,129.50639,36.04449,2026-08-19 14:00,77.6,4.9,,,,
hfCurrent,HF_0071,포항항,포항항,129.4287,36.0508,2026-08-19 14:00,56.8,16.46,,,,
hfCurrent,HF_0071,포항항,포항항,129.43647,36.0508,2026-08-19 14:00,57.3,14.59,,,,
hfCurrent,HF_0071,포항항,포항항,129.44424,36.0508,2026-08-19 14:00,60.9,12.42,,,,
hfCurrent,HF_0071,포항항,포항항,129.45201,36.0508,2026-08-19 14:00,84.5,9.58,,,,
hfCurrent,HF_0071,포항항,포항항,129.45978,36.0508,2026-08-19 14:00,85.4,9.97,,,,
hfCurrent,HF_0071,포항항,포항항,129.46755,36.0508,2026-08-19 14:00,83.2,11.05,,,,
hfCurrent,HF_0071,포항항,포항항,129.47531,36.0508,2026-08-19 14:00,76.0,12.14,,,,
hfCurrent,HF_0071,포항항,포항항,129.48308,36.0508,2026-08-19 14:00,73.1,13.26,,,,
hfCurrent,HF_0071,포항항,포항항,129.49085,36.0508,2026-08-19 14:00,73.0,12.08,,,,
hfCurrent,HF_0071,포항항,포항항,129.49862,36.0508,2026-08-19 14:00,73.0,9.24,,,,
hfCurrent,HF_0071,포항항,포항항,129.50639,36.0508,2026-08-19 14:00,70.5,8.05,,,,
hfCurrent,HF_0071,포항항,포항항,129.4287,36.0571,2026-08-19 14:00,49.4,22.62,,,,
hfCurrent,HF_0071,포항항,포항항,129.43647,36.05711,2026-08-19 14:00,52.2,20.34,,,,
hfCurrent,HF_0071,포항항,포항항,129.44424,36.05711,2026-08-19 14:00,62.7,14.9,,,,
hfCurrent,HF_0071,포항항,포항항,129.45201,36.05711,2026-08-19 14:00,81.1,10.9,,,,
hfCurrent,HF_0071,포항항,포항항,129.45978,36.05711,2026-08-19 14:00,89.8,10.72,,,,
hfCurrent,HF_0071,포항항,포항항,129.46755,36.05711,2026-08-19 14:00,78.4,11.87,,,,
hfCurrent,HF_0071,포항항,포항항,129.47531,36.05711,2026-08-19 14:00,73.8,12.15,,,,
hfCurrent,HF_0071,포항항,포항항,129.48308,36.05711,2026-08-19 14:00,69.0,13.26,,,,
hfCurrent,HF_0071,포항항,포항항,129.49085,36.05711,2026-08-19 14:00,66.4,12.74,,,,
hfCurrent,HF_0071,포항항,포항항,129.49862,36.05711,2026-08-19 14:00,64.6,12.28,,,,
hfCurrent,HF_0071,포항항,포항항,129.50639,36.0571,2026-08-19 14:00,50.9,7.29,,,,
hfCurrent,HF_0071,포항항,포항항,129.4287,36.06341,2026-08-19 14:00,48.5,30.38,,,,
hfCurrent,HF_0071,포항항,포항항,129.43647,36.06342,2026-08-19 14:00,52.3,23.98,,,,
hfCurrent,HF_0071,포항항,포항항,129.44424,36.06342,2026-08-19 14:00,64.9,16.69,,,,
hfCurrent,HF_0071,포항항,포항항,129.45201,36.06342,2026-08-19 14:00,93.0,10.23,,,,
hfCurrent,HF_0071,포항항,포항항,129.45978,36.06342,2026-08-19 14:00,88.0,10.09,,,,
hfCurrent,HF_0071,포항항,포항항,129.46755,36.06342,2026-08-19 14:00,77.1,12.25,,,,
hfCurrent,HF_0071,포항항,포항항,129.47531,36.06342,2026-08-19 14:00,70.9,12.92,,,,
hfCurrent,HF_0071,포항항,포항항,129.48308,36.06342,2026-08-19 14:00,65.7,13.69,,,,
hfCurrent,HF_0071,포항항,포항항,129.49085,36.06342,2026-08-19 14:00,59.2,13.63,,,,
hfCurrent,HF_0071,포항항,포항항,129.49862,36.06342,2026-08-19 14:00,55.8,12.35,,,,
hfCurrent,HF_0071,포항항,포항항,129.50639,36.06341,2026-08-19 14:00,50.2,10.61,,,,
hfCurrent,HF_0071,포항항,포항항,129.43646,36.06972,2026-08-19 14:00,59.0,22.47,,,,
hfCurrent,HF_0071,포항항,포항항,129.44423,36.06973,2026-08-19 14:00,74.2,14.68,,,,
hfCurrent,HF_0071,포항항,포항항,129.452,36.06973,2026-08-19 14:00,86.6,11.13,,,,
hfCurrent,HF_0071,포항항,포항항,129.45977,36.06973,2026-08-19 14:00,82.8,12.38,,,,
hfCurrent,HF_0071,포항항,포항항,129.46755,36.06973,2026-08-19 14:00,75.3,14.89,,,,
hfCurrent,HF_0071,포항항,포항항,129.47532,36.06973,2026-08-19 14:00,69.1,17.88,,,,
hfCurrent,HF_0071,포항항,포항항,129.48309,36.06973,2026-08-19 14:00,63.3,18.34,,,,
hfCurrent,HF_0071,포항항,포항항,129.49086,36.06973,2026-08-19 14:00,58.9,18.62,,,,
hfCurrent,HF_0071,포항항,포항항,129.49863,36.06972,2026-08-19 14:00,52.0,15.49,,,,
hfCurrent,HF_0071,포항항,포항항,129.43646,36.07603,2026-08-19 14:00,70.6,16.82,,,,
hfCurrent,HF_0071,포항항,포항항,129.44423,36.07603,2026-08-19 14:00,79.2,12.62,,,,
hfCurrent,HF_0071,포항항,포항항,129.452,36.07604,2026-08-19 14:00,82.1,13.66,,,,
hfCurrent,HF_0071,포항항,포항항,129.45977,36.07604,2026-08-19 14:00,77.4,14.28,,,,
hfCurrent,HF_0071,포항항,포항항,129.46755,36.07604,2026-08-19 14:00,74.1,17.11,,,,
hfCurrent,HF_0071,포항항,포항항,129.47532,36.07604,2026-08-19 14:00,66.9,21.97,,,,
hfCurrent,HF_0071,포항항,포항항,129.48309,36.07604,2026-08-19 14:00,63.7,24.66,,,,
hfCurrent,HF_0071,포항항,포항항,129.49086,36.07603,2026-08-19 14:00,57.6,21.45,,,,
hfCurrent,HF_0071,포항항,포항항,129.49863,36.07603,2026-08-19 14:00,47.3,16.74,,,,
hfCurrent,HF_0071,포항항,포항항,129.44423,36.08234,2026-08-19 14:00,77.2,14.57,,,,
hfCurrent,HF_0071,포항항,포항항,129.452,36.08234,2026-08-19 14:00,80.8,12.73,,,,
hfCurrent,HF_0071,포항항,포항항,129.45977,36.08235,2026-08-19 14:00,78.4,16.32,,,,
hfCurrent,HF_0071,포항항,포항항,129.46755,36.08235,2026-08-19 14:00,72.1,20.55,,,,
hfCurrent,HF_0071,포항항,포항항,129.47532,36.08235,2026-08-19 14:00,71.0,28.17,,,,
hfCurrent,HF_0071,포항항,포항항,129.48309,36.08234,2026-08-19 14:00,66.2,29.74,,,,
hfCurrent,HF_0071,포항항,포항항,129.452,36.08865,2026-08-19 14:00,70.7,19.4,,,,
hfCurrent,HF_0071,포항항,포항항,129.45977,36.08865,2026-08-19 14:00,73.8,18.44,,,,
hfCurrent,HF_0071,포항항,포항항,129.46755,36.08865,2026-08-19 14:00,72.9,29.51,,,,
hfCurrent,HF_0071,포항항,포항항,129.47532,36.08865,2026-08-19 14:00,71.8,35.08,,,,
